{
  "training_completed": "2025-10-18T21:33:12.250986",
  "total_datasets": 5,
  "total_models": 15,
  "datasets": {
    "bhopal_training": {
      "models_trained": 3,
      "best_model": "random_forest",
      "best_r2": 0.999999736762901,
      "models": {
        "ridge": {
          "r2_score": 0.9999821085975729,
          "mae": 0.0001829219488201525,
          "rmse": 0.0002420439633150438,
          "samples": 1826,
          "features": 15
        },
        "random_forest": {
          "r2_score": 0.999999736762901,
          "mae": 6.4463060096527665e-06,
          "rmse": 2.9359294239621784e-05,
          "samples": 1826,
          "features": 15
        },
        "gradient_boosting": {
          "r2_score": 0.9997564573398543,
          "mae": 0.0006353336599942944,
          "rmse": 0.0008930167115180314,
          "samples": 1826,
          "features": 15
        }
      }
    },
    "lucknow_training": {
      "models_trained": 3,
      "best_model": "random_forest",
      "best_r2": 0.9999989293651382,
      "models": {
        "ridge": {
          "r2_score": 0.9999819131517332,
          "mae": 0.000176917659684225,
          "rmse": 0.00024336241759958087,
          "samples": 1826,
          "features": 15
        },
        "random_forest": {
          "r2_score": 0.9999989293651382,
          "mae": 7.90511941492686e-06,
          "rmse": 5.920968543415155e-05,
          "samples": 1826,
          "features": 15
        },
        "gradient_boosting": {
          "r2_score": 0.9997506886015713,
          "mae": 0.0007024844248646573,
          "rmse": 0.0009035311520977031,
          "samples": 1826,
          "features": 15
        }
      }
    },
    "patna_training": {
      "models_trained": 3,
      "best_model": "random_forest",
      "best_r2": 0.999983693165266,
      "models": {
        "ridge": {
          "r2_score": 0.999980236530521,
          "mae": 0.00019415047728706274,
          "rmse": 0.0002543921215146346,
          "samples": 1826,
          "features": 15
        },
        "random_forest": {
          "r2_score": 0.999983693165266,
          "mae": 4.208440370413424e-05,
          "rmse": 0.00023107709456896133,
          "samples": 1826,
          "features": 15
        },
        "gradient_boosting": {
          "r2_score": 0.9996801164449611,
          "mae": 0.0007508715626285869,
          "rmse": 0.0010234532758505305,
          "samples": 1826,
          "features": 15
        }
      }
    },
    "chandigarh_training": {
      "models_trained": 3,
      "best_model": "random_forest",
      "best_r2": 0.9999990966064766,
      "models": {
        "ridge": {
          "r2_score": 0.9999801026058955,
          "mae": 0.00019651471173055541,
          "rmse": 0.000255252594107322,
          "samples": 1826,
          "features": 15
        },
        "random_forest": {
          "r2_score": 0.9999990966064766,
          "mae": 1.3118886032415653e-05,
          "rmse": 5.438893436311576e-05,
          "samples": 1826,
          "features": 15
        },
        "gradient_boosting": {
          "r2_score": 0.999752098847546,
          "mae": 0.0006954261107489767,
          "rmse": 0.0009009720870230095,
          "samples": 1826,
          "features": 15
        }
      }
    },
    "north_india_regional": {
      "models_trained": 3,
      "best_model": "random_forest",
      "best_r2": 0.9999999651942487,
      "models": {
        "ridge": {
          "r2_score": 0.9999989590627074,
          "mae": 4.433518774532092e-05,
          "rmse": 5.760313960093389e-05,
          "samples": 7304,
          "features": 15
        },
        "random_forest": {
          "r2_score": 0.9999999651942487,
          "mae": 5.707949089106052e-07,
          "rmse": 1.0533176873394766e-05,
          "samples": 7304,
          "features": 15
        },
        "gradient_boosting": {
          "r2_score": 0.9998249362125524,
          "mae": 0.0005844405110250979,
          "rmse": 0.0007470196587208487,
          "samples": 7304,
          "features": 15
        }
      }
    }
  }
}