{
  "training_completed": "2025-10-18T23:50:01.064455",
  "total_datasets": 5,
  "total_models": 15,
  "datasets": {
    "bhopal_training": {
      "models_trained": 3,
      "best_model": "random_forest",
      "best_r2": 0.9999997239122166,
      "models": {
        "ridge": {
          "r2_score": 0.9999821085975721,
          "mae": 0.0001829219488241854,
          "rmse": 0.00024204396332030146,
          "samples": 1826,
          "features": 15
        },
        "random_forest": {
          "r2_score": 0.9999997239122166,
          "mae": 6.596157919093589e-06,
          "rmse": 3.0067384994573336e-05,
          "samples": 1826,
          "features": 15
        },
        "gradient_boosting": {
          "r2_score": 0.9997536095487831,
          "mae": 0.0006377664964292665,
          "rmse": 0.0008982226451603641,
          "samples": 1826,
          "features": 15
        }
      }
    },
    "lucknow_training": {
      "models_trained": 3,
      "best_model": "random_forest",
      "best_r2": 0.999998793538316,
      "models": {
        "ridge": {
          "r2_score": 0.9999819131517326,
          "mae": 0.00017691765968811898,
          "rmse": 0.00024336241760456058,
          "samples": 1826,
          "features": 15
        },
        "random_forest": {
          "r2_score": 0.999998793538316,
          "mae": 8.22743582257429e-06,
          "rmse": 6.285340794158922e-05,
          "samples": 1826,
          "features": 15
        },
        "gradient_boosting": {
          "r2_score": 0.9997507652704866,
          "mae": 0.0007022099891223735,
          "rmse": 0.0009033922132438517,
          "samples": 1826,
          "features": 15
        }
      }
    },
    "patna_training": {
      "models_trained": 3,
      "best_model": "random_forest",
      "best_r2": 0.9999834037578677,
      "models": {
        "ridge": {
          "r2_score": 0.99998023653052,
          "mae": 0.00019415047729188083,
          "rmse": 0.00025439212152052404,
          "samples": 1826,
          "features": 15
        },
        "random_forest": {
          "r2_score": 0.9999834037578677,
          "mae": 4.133759600346953e-05,
          "rmse": 0.0002331186098676894,
          "samples": 1826,
          "features": 15
        },
        "gradient_boosting": {
          "r2_score": 0.9996764040763544,
          "mae": 0.0007571186920063714,
          "rmse": 0.0010293749241945356,
          "samples": 1826,
          "features": 15
        }
      }
    },
    "chandigarh_training": {
      "models_trained": 3,
      "best_model": "random_forest",
      "best_r2": 0.9999992253849658,
      "models": {
        "ridge": {
          "r2_score": 0.9999801026058946,
          "mae": 0.00019651471173516406,
          "rmse": 0.0002552525941128186,
          "samples": 1826,
          "features": 15
        },
        "random_forest": {
          "r2_score": 0.9999992253849658,
          "mae": 1.2804308861561542e-05,
          "rmse": 5.0363398027745534e-05,
          "samples": 1826,
          "features": 15
        },
        "gradient_boosting": {
          "r2_score": 0.9997517403031405,
          "mae": 0.0006959708778145962,
          "rmse": 0.0009016233986008199,
          "samples": 1826,
          "features": 15
        }
      }
    },
    "north_india_regional": {
      "models_trained": 3,
      "best_model": "random_forest",
      "best_r2": 0.9999999889168633,
      "models": {
        "ridge": {
          "r2_score": 0.9999989590627079,
          "mae": 4.4335187732788694e-05,
          "rmse": 5.760313958612004e-05,
          "samples": 7304,
          "features": 15
        },
        "random_forest": {
          "r2_score": 0.9999999889168633,
          "mae": 4.1506842409848206e-07,
          "rmse": 5.9438140872415345e-06,
          "samples": 7304,
          "features": 15
        },
        "gradient_boosting": {
          "r2_score": 0.9998249360450691,
          "mae": 0.0005844577185537998,
          "rmse": 0.0007470200160573634,
          "samples": 7304,
          "features": 15
        }
      }
    }
  }
}