{
  "datasets": {
    "lucknow_training": {
      "models": {
        "ridge": {
          "r2_score": 0.9999819131517332,
          "mae": 0.000176917659684225,
          "rmse": 0.00024336241759958087,
          "train_r2": 0.9999823291809885,
          "train_mae": 0.0001742544842257489,
          "train_rmse": 0.00023516243356255673
        },
        "random_forest": {
          "r2_score": 0.9999989293651382,
          "mae": 7.90511941492686e-06,
          "rmse": 5.920968543415155e-05,
          "train_r2": 0.9999986859038393,
          "train_mae": 8.589102889229196e-06,
          "train_rmse": 6.412880979202931e-05
        },
        "gradient_boosting": {
          "r2_score": 0.9997506886015713,
          "mae": 0.0007024844248646573,
          "rmse": 0.0009035311520977031,
          "train_r2": 0.9997962006278589,
          "train_mae": 0.0006244986202115045,
          "train_rmse": 0.0007986215541652507
        }
      }
    },
    "patna_training": {
      "models": {
        "random_forest": {
          "r2_score": 0.999983693165266,
          "mae": 4.208440370413424e-05,
          "rmse": 0.00023107709456896133,
          "train_r2": 0.9999980085999487,
          "train_mae": 1.261887389281824e-05,
          "train_rmse": 7.894395194032715e-05
        },
        "gradient_boosting": {
          "r2_score": 0.9996801164449611,
          "mae": 0.0007508715626285869,
          "rmse": 0.0010234532758505305,
          "train_r2": 0.9997642502334232,
          "train_mae": 0.0006798544548764672,
          "train_rmse": 0.0008589447748605745
        },
        "ridge": {
          "r2_score": 0.999980236530521,
          "mae": 0.00019415047728706274,
          "rmse": 0.0002543921215146346,
          "train_r2": 0.9999813075392171,
          "train_mae": 0.00018243206705593457,
          "train_rmse": 0.00024186489911092626
        }
      }
    },
    "north_india_regional": {
      "models": {
        "gradient_boosting": {
          "r2_score": 0.9998249362125524,
          "mae": 0.0005844405110250979,
          "rmse": 0.0007470196587208487,
          "train_r2": 0.9998326999215117,
          "train_mae": 0.0005628947378613398,
          "train_rmse": 0.0007263577129816692
        },
        "random_forest": {
          "r2_score": 0.9999999651942487,
          "mae": 5.707949089106052e-07,
          "rmse": 1.0533176873394766e-05,
          "train_r2": 0.9999920598157287,
          "train_mae": 3.521781189643453e-06,
          "train_rmse": 0.0001582405453147431
        },
        "ridge": {
          "r2_score": 0.9999989590627074,
          "mae": 4.433518774532092e-05,
          "rmse": 5.760313960093389e-05,
          "train_r2": 0.9999989762969366,
          "train_mae": 4.3268359533664355e-05,
          "train_rmse": 5.681846303039547e-05
        }
      }
    },
    "bhopal_training": {
      "models": {
        "ridge": {
          "r2_score": 0.9999821085975729,
          "mae": 0.0001829219488201525,
          "rmse": 0.0002420439633150438,
          "train_r2": 0.9999824574790198,
          "train_mae": 0.00017747216037039348,
          "train_rmse": 0.000234307186262622
        },
        "random_forest": {
          "r2_score": 0.999999736762901,
          "mae": 6.4463060096527665e-06,
          "rmse": 2.9359294239621784e-05,
          "train_r2": 0.9999992097971881,
          "train_mae": 7.073630001157237e-06,
          "train_rmse": 4.9728904467813385e-05
        },
        "gradient_boosting": {
          "r2_score": 0.9997564573398543,
          "mae": 0.0006353336599942944,
          "rmse": 0.0008930167115180314,
          "train_r2": 0.9997727509004123,
          "train_mae": 0.0006020562110045632,
          "train_rmse": 0.0008433166831949619
        }
      }
    },
    "chandigarh_training": {
      "models": {
        "gradient_boosting": {
          "r2_score": 0.999752098847546,
          "mae": 0.0006954261107489767,
          "rmse": 0.0009009720870230095,
          "train_r2": 0.9998213273897558,
          "train_mae": 0.0005904931733762055,
          "train_rmse": 0.0007477709640276798
        },
        "ridge": {
          "r2_score": 0.9999801026058955,
          "mae": 0.00019651471173055541,
          "rmse": 0.000255252594107322,
          "train_r2": 0.9999818987879898,
          "train_mae": 0.0001823728048379091,
          "train_rmse": 0.00023800902976769855
        },
        "random_forest": {
          "r2_score": 0.9999990966064766,
          "mae": 1.3118886032415653e-05,
          "rmse": 5.438893436311576e-05,
          "train_r2": 0.9999980256773023,
          "train_mae": 8.228582187190505e-06,
          "train_rmse": 7.860472915774098e-05
        }
      }
    }
  },
  "metadata": {
    "source": "extracted_from_backup_models",
    "backup_directory": "models_backup"
  }
}